-- --------------------------------------------------------
-- Host:                         127.0.0.1
-- Versión del servidor:         10.1.40-MariaDB - mariadb.org binary distribution
-- SO del servidor:              Win64
-- HeidiSQL Versión:             9.4.0.5125
-- --------------------------------------------------------

/*!40101 SET @OLD_CHARACTER_SET_CLIENT=@@CHARACTER_SET_CLIENT */;
/*!40101 SET NAMES utf8 */;
/*!50503 SET NAMES utf8mb4 */;
/*!40014 SET @OLD_FOREIGN_KEY_CHECKS=@@FOREIGN_KEY_CHECKS, FOREIGN_KEY_CHECKS=0 */;
/*!40101 SET @OLD_SQL_MODE=@@SQL_MODE, SQL_MODE='NO_AUTO_VALUE_ON_ZERO' */;


-- Volcando estructura de base de datos para academic_system
CREATE DATABASE IF NOT EXISTS `academic_system` /*!40100 DEFAULT CHARACTER SET latin1 */;
USE `academic_system`;

-- Volcando estructura para tabla academic_system.means
CREATE TABLE IF NOT EXISTS `means` (
  `id_mean` int(11) NOT NULL AUTO_INCREMENT,
  `name` varchar(50) NOT NULL DEFAULT '0',
  `mnemonic` char(7) NOT NULL DEFAULT '0',
  `component` varchar(50) NOT NULL DEFAULT '0',
  `description` varchar(200) DEFAULT '0',
  PRIMARY KEY (`id_mean`)
) ENGINE=InnoDB AUTO_INCREMENT=18 DEFAULT CHARSET=latin1;

-- Volcando datos para la tabla academic_system.means: ~16 rows (aproximadamente)
/*!40000 ALTER TABLE `means` DISABLE KEYS */;
INSERT INTO `means` (`id_mean`, `name`, `mnemonic`, `component`, `description`) VALUES
	(1, 'FACTURACION', 'FAC', 'BillingComponent', 'Modulo que gestiona las facturas en ventas.'),
	(2, 'CONSULTA DE NOTAS', 'CON_NOT', 'ConsultaNotasComponent', 'Modulo que permite la consulta de notas de estudiantes'),
	(3, 'MATRICULAS', 'MAT', '0', 'Modulo para crear matriculas de estudiantes'),
	(4, 'ENTORNO DE APRENDIZAJE', 'EVA', '0', 'Entorno virtual EVA para estudiantes'),
	(5, 'INSCRIPCION DE ESTUDIANTE', 'INS', '0', 'Modulo para inscribir un estudiante'),
	(6, 'RETENCIONES', 'RET', '0', 'Modulo que gestiona las retenciones emitidas'),
	(7, 'NOTAS DE CREDITO', 'NOT_CRE', '0', 'Modulo que gestiona las notas de credito emitidas'),
	(8, 'GUIAS DE REMISION', 'GUI_REM', '0', 'Modulo que gestiona las guias de remision emitidas'),
	(9, 'ADMINISTRAR USUARIOS', 'ADM_USU', 'UserComponent', 'Modulo que gestiona los usuarios del sistema'),
	(10, 'ADMINISTRAR ROLES', 'ADM_ROL', 'RolesComponent', 'Modulo que gestiona los roles de los usuarios'),
	(11, 'ADMINISTRAR FUNCIONALIDADES', 'ADM_FUN', 'MeansComponent', 'Modulo que gestiona las funcionalidades de los roles'),
	(12, 'INGRESAR NOTAS', 'ING_NOT', '0', 'Modulo para ingresar las notas de los estudiantes'),
	(13, 'INGRESAR ASISTENCIAS', 'ING_ASI', '0', 'Modulo para ingresas asistencias de estudiantes'),
	(14, 'GESTIONAR PERMISOS', 'GES_PER', '0', 'Modulo para manejar permisos laborales'),
	(15, 'GESTIONAR SANCIONES', 'GES_SAN', '0', 'Modulo para gestionar sanciones '),
	(17, 'EMITIR COMUNICACIONES', 'EMI_COM', 'EmitirComunicacionesComponet', 'Se genera un nuevo componente para probar la funcionalidad');
/*!40000 ALTER TABLE `means` ENABLE KEYS */;

-- Volcando estructura para tabla academic_system.roles
CREATE TABLE IF NOT EXISTS `roles` (
  `id_rol` int(11) NOT NULL AUTO_INCREMENT,
  `name` varchar(50) NOT NULL,
  `mnemonic` char(7) NOT NULL,
  `description` varchar(200) DEFAULT NULL,
  PRIMARY KEY (`id_rol`)
) ENGINE=InnoDB AUTO_INCREMENT=29 DEFAULT CHARSET=latin1;

-- Volcando datos para la tabla academic_system.roles: ~5 rows (aproximadamente)
/*!40000 ALTER TABLE `roles` DISABLE KEYS */;
INSERT INTO `roles` (`id_rol`, `name`, `mnemonic`, `description`) VALUES
	(1, 'Administrador del Sistema', 'ADM_SIS', 'Rol Administrador del Sistema'),
	(2, 'Estudiante', 'EST', 'Rol para Estudiantes'),
	(3, 'Docente', 'DOC', 'Rol para Docentes'),
	(4, 'Administrativo de la Universidad', 'ADM_UNI', 'Rol para el personal Administrativo'),
	(28, 'Rector', 'REC_UNI', 'Rol creado para el ingreso del Rector Universitario');
/*!40000 ALTER TABLE `roles` ENABLE KEYS */;

-- Volcando estructura para tabla academic_system.roles_means
CREATE TABLE IF NOT EXISTS `roles_means` (
  `id_rol_mean` int(11) NOT NULL AUTO_INCREMENT,
  `id_rol` int(11) NOT NULL DEFAULT '0',
  `id_mean` int(11) NOT NULL DEFAULT '0',
  PRIMARY KEY (`id_rol_mean`),
  KEY `fk_roles_users_id_rol` (`id_rol`),
  KEY `fk_roles_users_id_mean` (`id_mean`),
  CONSTRAINT `fk_roles_users_id_mean` FOREIGN KEY (`id_mean`) REFERENCES `means` (`id_mean`),
  CONSTRAINT `fk_roles_users_id_rol` FOREIGN KEY (`id_rol`) REFERENCES `roles` (`id_rol`)
) ENGINE=InnoDB AUTO_INCREMENT=76 DEFAULT CHARSET=latin1;

-- Volcando datos para la tabla academic_system.roles_means: ~18 rows (aproximadamente)
/*!40000 ALTER TABLE `roles_means` DISABLE KEYS */;
INSERT INTO `roles_means` (`id_rol_mean`, `id_rol`, `id_mean`) VALUES
	(1, 1, 11),
	(2, 1, 10),
	(4, 1, 9),
	(5, 4, 1),
	(6, 4, 14),
	(8, 4, 8),
	(9, 4, 7),
	(10, 4, 6),
	(11, 3, 4),
	(12, 3, 14),
	(13, 3, 15),
	(14, 3, 13),
	(16, 3, 12),
	(17, 2, 2),
	(18, 2, 4),
	(20, 2, 5),
	(21, 2, 3),
	(75, 28, 17);
/*!40000 ALTER TABLE `roles_means` ENABLE KEYS */;

-- Volcando estructura para tabla academic_system.users
CREATE TABLE IF NOT EXISTS `users` (
  `id_user` varchar(20) NOT NULL,
  `password` char(64) NOT NULL,
  `name` varchar(50) NOT NULL DEFAULT '0',
  `last_name` varchar(50) NOT NULL DEFAULT '0',
  `phone` varchar(20) NOT NULL DEFAULT '0',
  `address` varchar(100) DEFAULT '0',
  `photo` blob,
  PRIMARY KEY (`id_user`)
) ENGINE=InnoDB DEFAULT CHARSET=latin1;

-- Volcando datos para la tabla academic_system.users: ~5 rows (aproximadamente)
/*!40000 ALTER TABLE `users` DISABLE KEYS */;
INSERT INTO `users` (`id_user`, `password`, `name`, `last_name`, `phone`, `address`, `photo`) VALUES
	('agperalt', '5994471abb01112afcc18159f6cc74b4f511b99806da59b3caf5a9c173cacfc5', 'Andres', 'Peralta', '0987430299', 'Los Dos Puentes', _binary 0xFFD8FFE000104A46494600010100000100010000FFDB00840009060710121215101012151515151517181516151615151515151515161715171515181D2820181A251B151521312125292B2E2E2E171F3338332C37282D2E2B010A0A0A0E0D0E1A1010172D1F20252D2D2D2D2D2F2D2D2D2D2D2D2D2D2D2D2D2D2D2D2D2D2D2D2D2D2D2D2D2B2D2D2D2D2D2D2D2D2D2D2D2D2D2D2D2D2D2D2D2DFFC0001108011300B703012200021101031101FFC4001C0000000701010000000000000000000000000102030405060708FFC40042100001030203040704080405050100000001000203041105122106314151072261718191A11342B1C1233252728292D1F0143362B22563A3E1F1345364A2C243FFC400190100030101010000000000000000000000000102030405FFC40023110101000202020105010100000000000000010211032112315104133241612214FFDA000C03010002110311003F00B68E252191A7191A7D8C52643189D6B12DAD4E06A0101A961A96023010041A8EC94023B201364764AB23B2011642C9CB216403764764BB21640376432A72C8AC82345A9058A4109242022B9898923539CD4D3DA80AB9A2557590ABF958ABAAE34061B178512B0C66244986F9AD4EB5A8009602460025808342580802012AC8C04A010090D4AB23B23B200AC8591D90400B216411A605642C8D0400B22B25209026C924272C88840324243827C84DB82091646A8352C564F0A1D4040647198D1A938CB11A035C025808804B01063012C04402504004A010011A005904689300889499640D0492001BC93600769587C7FA478222594CDF6CE1BDD72D8C771DEEF0D3B501B9BA4B9E06F36EFD170EC4B6D2BE63ACC583ECC7D41E635F55492D43DFABDEE77DE713F1407A2D9283B883DC414B0579C19211AB490798241F457785ED757C1F5277387D993E91BEBA8F02837770518581D9FE922190865537D8B8E99C5CC67BF8B3C6E3B56F22787005A41045C106E08E60F141168AC9485900D9090E09D2121C1208EF0A1CE14E785127082673176E88273166E88904D48096020025B4214002580800940200AC8EC8EC82609B2818C6290D3446699D668DC38B8F06B4712A6CAF001713600124F2037AE1FB67B42EAD9EEDB8899711B7E2E2399F82013B51B59515AE209C9103D58DA74EC2F3EF1F459FCA54D8692FA9D14B8A801DC54DCA46938ED540625B635A4A7C1C76296CC05A6C41BEAB3BCD8C6B8FD3675986D3E9B925D4C56E59B342D7E7B80FDF7A21B2D20D2D71C35B73BDEFA84BEFE277E9F2613D89E4B43B29B553D0B834DDF013D68CFBB7DEE61E07B371F5568ED98946ECA3B37FC779F049A9D987E53A6B6D6D74FEF63F25FF00367F0EAB87D6C73C6D96270731C2E08F9F23D8A4D9725D81C61D4953FC24B711CAE005FDC9381EE3B8F82EB816B2EDCF6688B24B8274848704D28EF0A24E14E78512709067B151A209CC54688901A6012C04402580831809402002504C0AC88A5D925C80C474A78A18A9444D36333B29FB8DD5DF21E2B945281BD6CFA5CAACD511457FA91DEDC8BDC7E4D0B194C52AAC7DA5E656586445C557C31DD5FE150DEC1737265A8EEE0C37569474BFA2B6A4A1E69FA1A416FDFC55C5353F62E3EEBBED989A869ECDFDFC514B19E0ACA1A602E4A75B480857F6EB3FB92299B01E08EC78ABC7D15942A8A6DE12B8582724C9CE76F30A1D59D82C78DB4DDBACB7DB178A9AAA48E577D7032BFEF33427C743E2A976AA97347AF6DBE5750BA24A823F8880EE05B20F1BB4FF00685D9C196F1D3CEFAAC3596DD12C92425D925CBA1C861E1459829AF0A2CC120A0C5068825E263444826882584909610A2804A01104A098049725A4B820385F4872E6AF9BB32B7C98151D3857BB7F1FF884E3996FAB1AAA238EC029ABC6769F1102DE0AF3076926F6DD6B2A1A7372B6581D30F677B2E4E5F4F4783DB4540DD37FEFB95D42D22C787AAAEC32316055CB21BC64F21BD67862D7932138697E0836AB75BCD355DD585BC2EEB0E7A8BA7E928B404F257DEFA67D6B74F46E7149923535918B2439A382AB8B3F3EFA66768E1FA22B27D1D34B6BA46F0313AF7DFA3DB6B79ADFE2B4E246969E20858BD8DA67371091A7DD8DE0FE6007C95F17574CF9FBC76E8689C12EC92574B84CBC28B3296F51664051E24104AC4B720905F3538136138106584A0921282606AA315DA2A4A77B629E50C7385C68E200DC0B881D51DEADD717E91A7271095A7700C681F801F994ADD2F0C7CA9EE92E9ED5AC94105B2C6C2D235040D343C781F159C905878A886F999D6240361A9D05EF603829B2EE53578CD746E07D8AD0D057D531968E27381E363654F48F11B85DB9CE86C340395CAD7E11B43505EC80321635D9FACECEE63723491988B6A6D6F10B2CA5CAF51BE394C677749784ED2B810C9E12CE47503D42D74189B4D3CAE0785B7F1DCB378C6332D380CAB641235ED07AA0870045C8734DEC45FD37AC76158C39B23E204FB373F417BD85F4B782CEE366F4DB1CA5D4AEC1883498A1D3DF04F65DA45FD53588E34D847D52E205ACDDF753F0F943A26EE3A2A1C7DCF8C97B1ADDDA1773E3DA52B75DC39377C6FF004D45B4F52F7656D3482FA5EDA0ED255B34CA75272BB9EFF458F6ED255C32318E642E0F731B9BACC6B0BF8B9D98D9A39D969E0DA0788D8F9E0B35E5C03A277B400B5C45CB4804374DE2EAFC6EB759794F2F1C5348240CDBD50604CFF11AB7136CB1B3BB502F7FCAB4C72B9A1C350750B398661AD92A6AA47DEC2468B03A3ACC69B3871B1B14637C7B2CB1F3EBD350C7822ED208E635083935480653616D48F236F9275CBA71BB9B71F263E395869EA2CCA53D46993429312411E25B90482F4258486A5B506584B09012C2601720E95684B2B1B2F0958D23EF33AAEF4CBE6BB02C974958499E90C8D177C07DA0ED6EE78F2D7F0A597A5F1DD571BA4D5ED1C88255AD3B01CCD3CB4EF5554C6CFCC37120777256D08FA4B70B859E5E9BE1EC71501CC34EF5B9D9EC31A2CE76BEA9CC3E9A378048D6C2DCD5B9C91839797C972E595AECC7098CD4556D2B991C4E75ADA1B0006A7F765CF30C67D2B6FBCB87C56936B2B0BBA8389D7F459CA375A565B810B59F8DD33CBF39B773C20DA2601C37A7B11A332372836513077FD1378AB88CA9C3B8393732DC515360ECBFD2C61DC8901DE4782B66D0B0681BA0DDA70E4A686829402D649230CB3B6ED5FEC328206EE0A351C00094B77B9D988E766B45FC9BE8AC2ACE9A2A970787BDC459B9431BA8BB9E77903C7D165974DB8E7924618498C13C4B8F9B891E853EE421665686F208397561358C8E2E6CA659DB3E4D39469949728D326C94D88A08B1228202F425B53612DA833A1282404B09829139A08B1D41DFDA8C2340709DB6C14D254B98D691138E688F020EF00F61247804C523BAEC7730D5DCB12C361A8618A7607B4F03C0F3046A0F685C7769F0E652553A08EF9185A5B737367343AD7E36BDBC16794E9BF1E7BAB986B725BD3C55A4152646E9A72594A426591AD1C56C237C7000D77D7B5F2F61E6B8B29A7A7865B63B69E4F6672FBEF3E41545342F123071245BCD6931DA6133B35B507CBB945C1F0EA87D535DA7548E79745B617FCB1E4C7FDEDD670581ED8866E1FBD54E66669BFECA878797DCB4D865D0D8DF5B03F3536962CB7BB8BAE49EB1BDAFC07208C71E939E5BB5318F040211B8A8D19CA4F2FD5385CAF6CAE266637B77A291AD2E0470BF994523B50073F9270A30C77539E7E33FA2290E4A290574390DB9469949728D2A414D888411E2089225D3538134D296D29A8E84B09B694B0504584A090128260A5C93A52872D6E6FB7130F91737FF0090BAD8583E9670F0E863A8045E37169170096BEDBB9D881F98A597A5617B66B61630E9F5DCD692974ED95EF754480DA425C0F65F4F002C144D84A80DA90D3EFB48F45A76D606D1FB31F5A3CF1BB9E84B6FE43D571E7D5AF4B8FB91451621197684687C0AD66CD4F17B5BB9CD17B5B50B9AC94AD0FD4100EE2DBB6FCB50B4D86ECAE7CAE6C8F22DC1E41DC0EE4EC93B8D30C7CF72BA4D2387B57BB35B36BA91C34F929AE36D41BAC4D3ECACC6D79A4681CA4E1E0B4343823196BB9EEB7DA73883DE38A72DD279387097AC966C78277DD1C6EEAEAA2C746C61BB000390D06BD8A43DD6096D9684CD5F7E57FD3E69F299A41A66E7F04E95D1C7358B8F9AEF211487251487156C8DB94699487951654054E20822C40E88D225BB4A70269A52DA5351D694B0536D2957403A0A3CC9973C00493603524EE006F2570DDB4DA37565438B5C7D937AB10B902C3DFB7327D2C9C84EF2D91BCC7985C8BA4BA97CB38901263612C0380EDF137F458AC1632E99B9AF669B9D7970F3B2DF4D089185AE170E1AA5558B174154E6383DA6CE61B8F0DEB415988667E78CF565B1737FAACA8310C36485F63DED3C1C3F5EC45166B02DE77B70BF62CB3C25AE9E3E4B8C6D2869A295B67E8401FED65A2C2A99B6C91F580DE4B8B7C05B7AE7B4B8813A1B872E8BB392B446DB711AF3BAE6B8597B76E39E394DC5DD1D1169BEBDD9C91E4559B7728F0D636DA5BBD2DF503F4B2BD48CAE56FE8B713C534066765E1C7F4486B5EE37768397EA548A56EA4F0161E7FF0009E337933E4CB58DA90924A04A492BA9C004A6DC944A494036E51E54FB9312A02A310411E208244B3694B05340A584D47414ABAA4C636929297F9D28CDF61BD679FC23778D973FDA0E90EA260594C3D8B0E99AF7948EFDCDF0F34E42DA7748FB5B9EF454CEEAEE99E3DE3FF6C1E5CFCB9AE7413D18B8487B55EB50B67E8EA3D9BB370DC7F55D0B06789181C0DEEB9C302BED93C63F8793D9C87E89E77FD8773EEE68B8895B892858F19246E669F020F369E0428153B226239D9F4913B79B6AD3DA381FF90AFE18F5D55CE1F364EE3A107711DAB2CF0F28DB8F97C2FCB0936CEDAC6D71F0F152E803D9D468B9D6D736F5B2E81361AC7B733069C4711FA8591C6685EC77B466F1BC0E2B8B3F2C7AAF478EE19F713700A63212D983D85BB9B9AED3DA1D6D7B969990B18341E2AA303AB6C8C04EF0AD77F72AC6EE233C754A26C2EB37478DBCFF001F50C19A38180345F473A219E4D7F15BC11EDD63429A9DD94F5DC2CDE773C53FB3982FB3C3A480FD67D3C99FB5F235C5DEA6DE0B4E39BCA32E5EB8EABE83A45A37D84B9A23FD43337F30F9AD2D16210CC3343231E3FA5C0AE01BD13247C673C6E2D3CDA483E61775E379FE4F4392924AE39866DF56C560E78947278D7F305A9C3FA4981D61344F8CF36F5DBFAFA2CEE34F6DB12989142A2DA0A49BF973B09E44D8F91535DAA9A6AAAF449CAF6A09056E33B61474D7697FB478F723B3883FD4EDCDF3BF62C1E35B75573DDB19F62C3C233D723B64DFE56596051AD2630B60E2752752779E27BD262209B1364A48923E2151244715B4BDD1BDBCD1524F7D0EF4FC86EAE49A24768E097641C118080DF6C0E359C7F0B29BBDA3E89C7DE60F77BC7C3B96B1CE21CB8DD2CCE63DAF61B39A41691C08DCBACE1988B6A616CCDD09EABDBF65E3EB0F98EC214658FED52B5384D6594FAFC35B28BB6C1DCB81FD0ACDD2B88D568F0FA9BEE59658CCA6AAF1CEE37719E653B627904653C414F4F8A31A37F05755AD8E570648D0E1D970E03EF0D5264D96A27B7298DC2FA5F3BF30F5B2E6BC194FC5D93EA70BF94AE6463FE3EB9A5F7F6508CFC2C4870B03CEE47A2E834558E13B6000652D767E79B4B007B05FC4F626764B667D835EE93EB67706F68639CD6B8F95C77A9B25188E58E4E198EBF85DBD6BC5859375973F24CAD91E7C9E3C8F2DFB248F236F926DDDBB92E4933F5FED6BE7AA6DC177D71430F65910727C6E4CC8C5361838A9F458E55442D14EF68E57B8F00772ACBA1753435F80EDBC81DECAB0E76F07DBAC3BEDBD058C9B9A0B3B8C541255D242580AA102368476402A061EDB1B8DEA5C12E61DA9A784D8B8371FF294EA84ECA8654513EE2E13A02D126C85A2D8CC5C432E490FD14B66BFFA5DEE3FC0E87B0F62A1CA80DE9E86DDA24063D0F000F7DF40B5385501644330EB385CF6720B1DD1DD4B6AE26891D7929C80F69F7DBFFE6FF4B1ED6F6AE841CB9ECD5D34DA20A500E63BD3DEDB9A91755F89C8002520CAED26D0D451D530876782503AA45F2B8101E1AE1ADF5075BEF2AEB69A57B692A1CC395CD88BDA4FBBD5B93E5751F0CA26D44AD7C8DB885D9DB7DC1F621BF127C02BBA96B5D2398E00B5CC0083B8837041F05325DD5E56593A799E3DC3B915D4BAFA711CD34437472C8C1DCC7968F8288F0BAFF4E7219BD1BC221BD28A41165626AEA6B9AA14C2CA329A54117209ABA351B33CE17171BC6F42372281F628E7665371B8A7FD07C24B9A842E4F39AAE76460A2012DC11B42010D394DC6EE3FAA9ADB28E1A8E1765394EE3BBBF9273A2A7C23704A44AD2BBD91C6DD4950C985F28D241F6A375B30B73160E1DA177E8660E01CD208201046E208B823C1799D86CBAE745B8EFB484D2BCF5E117676C44EEFC274EE2D51C98EE6D58D7402FD150E3551C35572147C4981D13B98171E0B06912B0EA66C4C6B389D4F69E2A3D6F56661E0E05BE2350A6DB30041E1E8545C59F958D3FE63079B804079FF006AA3CB5D56DFFC890FE67177CD54BC2BFDBE65B13AA1CDEC3E7130AA0795D38FA657D99E29C4DB77A70A21525CA1D50530A8952A72F4A88882082C56534A98CB39B94F877A881A9F8B455895351B88363C15830E8A256B3DF1E29CA492E2CAB1EAE8A9D91890027CA68AB21841ECB8B144D2940A0154F293D53BC7AF6A7CA89234FD66EF1EA3884FC6F0E170AA5FD152ECAC700C55F4B3C750DF71DD61F69A74737C45FC6CAB91B5327A468AA59231B230DDAF68734F3045C254E3470E60AE7DD13E3B99AEA279D5977C57E2C27AEDF071BFE2EC5D06A8F509EC5CB94D5D359766F029F342DBEF6F54F86EF4B21B42FB45F89BFDC145D9A7755E393FE23FD93DB47AC43EF37E291FEDC5BA4916C4E6ED6C47FD368F92CCC8B4DD259FF1179FF2E3F82CC48BA31FC595F66D9BD2EE9B614A0531444A8B525492A2CE54E5E8E23808253420B2514D4EB5476A7E309C0900022CA140EB1B725358A1D48B3AFCD565F251620A43824D3BEE138E57ED26929A524A00A4675A1201C86FC1DE879A5B4A0EB1162991FBA22A3C0F3F54EF1EA3814F82AA5D926E11893E9E68E78FEB46EBDBED0DCE69EC2091E2BD054958C9E06CD19BB2460734F611C7B782F3792BA5744D8FE8FA090F02F86FFEA307F70FC4B3E49B9B5635B9D9C3D794771F52A5E3FF00CBEE20FAA81813AD3BDBCDBF0214EC7BF947B960D2B8BF499FF5E4F38D9F0598916A7A4DD6AE377DA85A7CB459490AE8C3D33BEC86952A870E9E636862924FB8C7387981608F06AC6C333267C6D95AC75CC6EFAAED0D81D0F1B1DDC16BAAFA4FAC232C31C10B7800D2E23BAE40F445DFE820D17475894BA98DB10E723C03F95B72AC8F4670443356D7B19CC34359FF00B3CFC9666BF6B6BE6FE6554B63C1AEF663C9965452BC9372493CCEA7CCA9B3E69CADBD4C5B3D4E2C0C950EEC2E23CC656A0B03214149F6289486208273D153B750EB382082797A13D9CA52A59448278FA2A41448209839C4F8A305041108DC9A1691CEDE0427C94104E0052B079DD1D444F612D7095962385DC01F42478A082749DD30BFFAC78FE83FDC15863DFCB3DC820B99B38B74867E9298FF0092EFEF2B2CE4105B61E917D90111282099104A6DC51A0A6998720820A0DFFFD9),
	('catufino', 'd17f25ecfbcc7857f7bebea469308be0b2580943e96d13a3ad98a13675c4bfc2', 'Carlos', 'Teran', '0974433362', 'El Valle', _binary 0xFFD8FFE000104A46494600010100000100010000FFDB0084000906071213121514131315161517181A17191818171815181A161717181A181E1A17181D2820181A251D1A1821312125292B2E2E2E181F3338332D37282D2E2D010A0A0A0E0D0E1A10101B2D1D20252D2D2D2D2D2D2D2D2D2D2D2B2D2D2B2D2D2D2D2D2D2D2D2D2D2D2D2D2D2D2D2D2D2D2D2D2D2D2D2D2D2D2D2D2D2D2D2D2D2DFFC000110800E100E103012200021101031101FFC4001C0001000105010100000000000000000000000502030406070108FFC400401000020102030407040805040203000000010200031104122105314151061322617181A1073291B14252627282C1D1F0142333B2E192A2C2F115D2247383FFC400190101000301010000000000000000000000000102030405FFC4002411010100020202020202030000000000000001021103211231415113220432617191FFDA000C03010002110311003F00EE3111011110111101111012977005C9B01C4C3B802E4803999AB74C3698ECD12182B76B383A1FFA916EA264DD4F8DA942E075D4EE770CEBAF86B33271AC453EAF51A83C6FCE656076F62686A951980FA0C4916EE99CE58D2F13ABE22AE552D626DCA6935BDA1AA55656A4727023DEFD0C86C5F4F9EAA9475282FDBC84AB11C81BDEDE1237155F0F8816A6D95AC480D7241B5F4BEF126E5F4ACC7EDB8E1FA7A8C7DD0C87EAB5997C411186E9ED335FAB7CB90EE60775F75C1E138B62B1869B8DE0DED6EF1CBBA64A0FE6E63717DD6DC4E9A1F1BF948F2AB78C7D248E08041B83A822553886C3E9257A048576B29ED2DC9561BC1B7D12411A8EE9B9ECBE9E29619F54D035FDEA64F1D3DE5EFDF2D338A5C2B7C8963098B4A82E8411BA5F9754888808888088880888808888088880888808888088987B5314D49732A86037EB63DD02C6DCA5751726DB8FE5343C763ED74A970A33046606DA69A13C3769375FFCDD0A88431C8791E7C351351DB18E26CA0034D8919858D98A91E43FC77CC7935636E3DCA87C0E2597F94CA1AC091717B82787EFD2575B0E95108A550D337D72D98823986E1DDA1EFDD3526DAD528B0256E8A6CCBF54EE254F053A8E5C24AE3DFAE55AD45CAD4B0D469D6281C7EDF0E44820F19969AF9213A4186C652ED7F5935B900315B7800C39D8FF0099AE36D7616D2D94DC1DD63FF7CE6D343A466A5E9D4192B0D0100E56B5B4B703DDF09AD6DD50497B58F1239FDA1B88EF16EFBCD71FAAC72FB8AF68D55A869D4BE97BF903AAF8822DE4781D3626A36A146AEF3604FE170AC3E03D668C954AA153622E59796EB30BFF00A4FE19BCECBC72361E98DF704778B8BFE423288C2F6BC6AF55554B0D189422D7BAE6208B7DC36F84C2C4542ACE01D509F353C3F3967A4589BA5275DC7CECCB607E20A9F391780C517A96FADC77F2893A4DBDBA97B39E92756EEAFAA3006FC54DEDF09D336763BAD2D61A29B79F2F1FD670CE8C02B988D57DCDFBF89F80CBE6C2758E8A6D5A61529681893AF363AEBE3F949C32EF48CB1EB6DA22226ACC8888088880888808888088880888808888094D4B58DF75B5BF2E32A96716A4A3016B953BF76E81CD3A46B6625069BEC35B8E639CD2EAED86463A9606D753A820726DE0EB7D66E1B42F6BAB116D2C751E579AD57C2B97B8B1F16603FD237CE4DCDBAF574C3DAB445702AD260091AF2BF1B9FCF869AC8AC3E22B52252A53634DB7D87BA48F7948D083607CAF36BC26172E8452553C073B7DA3A9F297570B4DC95570D7FA22CC3D37193E5A47E3DB43DA0A5C9CC2FC9D74B8E048DEAC3E1EB31CAB1B8235F98FDFCE7407E88B39D0309713A0AFF67E11E69FC2E61530CCB7B0B8E225FC0D46516516B6A3BB77CB4F20674B7E8213BFE7FE2543A1400E1793F911F87FCB9CD4A9990D3E6732F735C91E848F1412E6C04CBD6D43BD55072B124E6D7CE6CBB4FA2151354D6DA8E62DCBD2463E19941564B0664274DC54EBE5AFA4B4C99DC2CA96A58F451D52EE4DE79B9E1E035D24E50AE4351643660436BA8009B8339BE08BB5421CE5D4B31DFA926F69BC61AA851F5740A01E03ED1E7FBE11268DEDDC90E83C25531B66550D469B0E2ABF2D7CEF3266EC48888088880888808888088880888808888094BA82083B8E92A881CBBA695968D428AB9473BE9DD3502F494162E2FC77DAE66F7ED4B0E0946B1D47BDC2CB726E3F7BE73EC1F456B56AA17E8E973C2DE24EF9CD9CEDD385E991B1765B62EAE55CC698D59B9F70BF09D4F646C2A545405517E72AD87B269E1E98441BB79E664BA89122F965F4A0501CA78698E52EDE5B632EA2D5451312B24CA732C55DD2B57C5195D0483DA580471A8127318644D5A9336DAE9A2ED5D866992EBE5DDCBE121B0A6A1A83306DF600EE1DF7DDFB1DD3A4622986163346DBB806A64B27037B7317B1F39AE35CB9E3AEDD9BA01B496A5134C104D3DF6D7DE27D6E0CDA668BEC929DF09D65AD989035E44F0E044DEA6F3D30A4444941111011110111101111011110111101111035AE9D6173D1527706B1F023F63CE46EC20070B7EF41E327BA562F42DCDD642ECC4E5FBE130E4FECE8E2FEA9CA72ECB54E5D0642692DB4B8584B2CF248B4659ADBA5C0662E26BCA5AD718C1C5B489ACB242B9BCB468E9BE66DF734C002D2276D61C16B1DCC08F49335B4983B529DD41E22FEA089A473F2378F676A060288E2335FBC876D74F29B24D5FD9D3DF096FAAEC3E363F9CDA274CF4E3BEC888928222202222022220222202222022220222204474987F297EF8F919A9D6DB6B42A0A41333B2B36AEB4D4052A3576D0139BC34336EE921FE4F78208F2DF390ED6A95EB9C45444CA9469BD988D5B4B9B7316507C84CF2D7976D71B978F4D86974CB1555996860F3842559C3834C30E1D612031FBB9A7B89DA5B5587630F417C6B1BFA29977A0B87CBB3B0C7EB53573F79FB4C4F792499E621F1350B7549D8170091D9BDB791F4B972E733CB2EF5235C30BE3BB5AAED3DADB5D1BB5411872A7885F9123E52E6CBF680F45AD8CA75E92FD6642E97FBCB7F948F7A58FAB5916A25609619CBA265CC4EB902AE8A07127C26D3D1DD94E4B2545BD33A59BB408EEBF0EE3E523292270B729B97FEA7701D23C2D64CF4F11488E3DB516F104823CE437483A5387A60DABD227B9D4FC8CE5F4BA275B115F194F0548BD34A8CB9890A8A035C2E663A9E43536121305B21A957A94EB53B54A6BEE36EB96500F78B1BCBDE3C7ED9CE7CFE9B6E37A5AEED7A6D51FFF00AD588F8E83D65FC36DBC7EF187ACC3BD917E3ACA363D3AB4E91A80386CC2F6452F975B9018100682C05BBCC6C9C7E2EA066ABB8136B80AF6BE9EEE97B708F09ADC47E4BBD5B59D4FA4B891EFE0EB117D72E4736F0065D6E9D60CAB239AB49868454A4C083DF96F6997817EB2E0E841DF6B7869C26B5D373595A9B86C8E2A7579C7D2A6573AE6FAD94AB5BC4C632533CB29F2ECBECBEA86C33B29BA97B83C082AB69B94D13D9455A6B43AA5A8A6CB4D82DEEE17AA5BE61C0DE6F7359E99522224A08888088880888808888088880888808888113B66A90F4C5AE1AE0FC09FCA60D4C22B075E0E083E0C2D33F6A53BD5A679027D0CC2A15B3126D6B311CF94C32FECEBC27E9101ECFF005C0D3A4D6CF872F87A8393D172BBBBD42B7819B0B21E1FBF8489C774709AAD88C3D77C3D6700390AB529D4B0B29A949AD761BB302A6DC658AFFF009341EF60EA9E656B51F405F58B27B4636CE99F5B085B80F84C2DB98B5C1E1DEA6F7232A28F79AA3688AA38924891D5719B50E8061699E616AD5FEE2932762EC0735D7118BAAD5AAA7F4D48012993A12A834CDC013722526B6BE532B3D24BA31B1BF83C12526B75962F548FA559CE6A86FC45CD87701398F4F69AA62E96288EC83D555FB8FA027B8319D8F16FD93E139C6DEA40E60E9995AE08E16326E5FB271C37858CAC1A10B75B11C3882386B3CA986727DC135AD9947198616C33A56A23DDA756F751C8541ADB95C192B4FA458ADCD825BF762001FEEA62535F557F2FB8CD5C200D7B006636DAC20AB5F0E996E112AD66F3029203E37A87F019E1C7E29B761E8A77BD76A96FC29485FC3309463F1270D45EB3B7595AA1552D6C83B95545F222AE6B0D78DEE49334C7A6594F2B24893E8095A3B405050006467BF3249200EE1ACEAF38C747FB7B4309529EE2B6F00A5EFE867679A715E99FF231D59FE88889A39C88880888808888088880888808888088881878F5DCDCB4F8C8CA696D3BC993B512E08E7226B0DD32CE77B6FC5975A14CF2B1169419AF749B6BB2014E98CD51CE551DFF00A0DFE533B74DF1C7CAB38D5CCD944F368ED9C3E11475ACD73B82AB3B1FC2A09B4F7606CF6A680D4399CEAC7F21DD24B158647D4A8246E369125F6B5CB1DEBE117536E527A6AE1BB2C2E2E0A9B77AB588F84D1369F4BA80ADD592493C949DFCC8161369DB1B2BAD7B1BD954E83417E1350ABB06CC6E247CF69D75FAB3364D719DB2EAB9B4F317FD64F57A6A46E1217038608BA0920B88B894AD67A5874D641F4CEE70EA80166670401A9B286B9F51F19339B59895D3ACC422282580B0B7371FF5349E995BDA77D966CFB9EB187F49320FBCE493E969D2A45F473642E1682D21BF7B1E6C77C949D184D47172E7E596C8889666444404444044440444404444044440444404C2C7E1AE330D08D48E7FE666C48B36996CBB8D7DDA451C0FF3C55B5C84651DC4907E426762D72395E474F03BBD27B4DA72DF6EEC6F5B8C5A6B8B539B2D375E598AB7A8225D6C7D7B7F40DF9675FD449246B4B388BF096D2259BEE21313B50AEA68542C46E0B9BD5749AE6336B9B92D46A28FBA7E5693F8FC5BAF0D66BD8E351CEB2BB6FAC348F6DB6848089549BEEEADC7A91612532EB73A5D0923C2D6F999651720DF7329C4E234B7136F848BDA93A7A1AE66FBD1AE8C53A4DFC435DAABA83ADAC9751A0EFEF9A5F47F046AD644E675F01A9F49D6009BF1E3F2E5E6CFE23D8889AB9C8888088880888808888088880888808888088880888810BD21A17CAC378BF98D3D66060EA0333311B4E9D5AB529A1B9A2C11F966650D6F2047C64762699539977F1EFF00F339F927ECEAE2BFAA540D2785260E136806D0E86661C40B484EAB071783077C83C761809398AC7289ACED1DA57BDA52B6C6DD309E9F1989545CCA6BE327946A49915B5D0FA0BB355291ABBD9EE3C141FCCFE536890FD121FF00C5A7F8BFB8C989D58FA7167779522224AA444404444044440444404444044440444C0DB3B6686169F595EAAD35E173A936BD80DE4F840CF94D5A8141662001A924D801DE4CE59D23F6B00A05C123072747A8A08CBF656FBFC6737DA9D30C657BAD6C43B063DA4F7505AF6ECDAC2DBF9692DE2A5CE3BDE3BA6FB3E923B1C4D36C8355560CC75B6806F9A36DAF6CEA038C3E1CDEC32BD5200049E2ABDDB866BCE3B89C4E6206F24650D6039EA6DA5BC7BA6162EB5DB4F72F65EFB697B7393A53CED7D0BECE918E012BBEB531156B55A879B355703CB2A8D384D85D6F35CF645881576522020B537AAA40DFAD52EBA78389B2CE6E49DBB7832DE28CC5E0F5B8D0F7488C5E32AA696B89B45491F88C38332B1D1B69D8DDA8E6F704486AD886336EDA581026BB5A98BC44652B1B0E87799954CCF0094A4B12365E8AFB46C250EB70D8BABD5B53AB953B0EC3AB6456B92AA7280C5B7F313A4E13174EAA87A6EAE8773290C0F989F2AFB445CB8D36D0F55458F0D4D31BFBF74C1D8FB77118723A9AD5298660C423B22E65E601B71F94EA98F4F3F2CFBAFAFA271EE8DFB65FE50FE2A89620AAE7A56DDB897527DEBF2DF7DC2752D89B628E2E8AD6A0D991BC882378238111A4CCA567C4448491110111101111011123F6DED9A185A7D657708BB87124F250352604848CDBBB7F0F8450D5EA05BFBA37B35B928D4CE77D29F6A798F5782360575A8CAC0836B90011A5BCFBA736DB5B7AA566CD89AAD54A80A09DE0137B7C6E78E92D3167739F0E93D2EF69F9915305991985D9DD6CCBC822EB7277DE732DB1B5EB3956AD59DC8BE50EC5CDCF204E97D048AC6D460C7376541CB607DEBD8FC2D6D7C231D4CAB5473C3B2A7E67BB88F8CB6B4CEDB55ED3C6322802D73C78F7589FCAD313144AD24622C5D72F929B13F1F90955FAC0AE7DDA74C2DF9B9DFF003B794B2B58D4A62E34A0A5477B3BB11F01F2834B4BA02DF51001C7B4E74F0D2F2D564B0F297A88BD23DEE9E8AD2BAAB7110AEBDEC0F1A0A62E81BEA52AE9A68C321D46A2D65F8CE99530D9000A490001A92C45B4B96E3A0DE753ACE01EC936BFF0FB428926CB503506FC62EBE273AA0F39F45A55D03731985C1BD8DCEAB6B8D2DDFC2679E3B6DC5959114F31EACC8A84B17088FD86CAC0DAC7B21B321BF6975CBC3552384C47A808D0FF00DF7F29CD94D3BB1CA653A43EDAAFA5AD35875379B36D2416DF20AB5AFA488BE98E525BA499EA53A2BBEA305246B64DEE7C941F497B1152C266F45706031AEE37FF002A96F3DB3DA63CB451BC9E3696C66EE95E4BE38DAE53D3E29FF90AEB4D42A215A6AA2C00088A2C00DC2F790187E23CFCC6EFD3CE4974A713D663712E373567F4623F291686C67647997DB2B035595815E3A11C0F307C4493C06D4A94CF62A3259EE19199483F44B01EF69C7FEA4761D752396A3CB5BF88DFE467B815BE7E635239AF1B778DF25576BE8BFB5F0B4969E369546A8A729A89948651C48B8D4776FDF3A9ECBDA54B11496AD160C8DB8FCC107710784F91285521CDF504EA0721C4778DF26F607486B61AA114AAB5237B02A7B275DCCA74B195B8AD33B3DBEAB89CCBA27ED5E954029E2D4AD41D96A8B62B704EACA3541DE2E3C2748C36212A287460CA45C3290411DC44AE9ACB2AEC444849111023F6FED55C2E1EA576048417B0DE75B01F13380F493A4B5F1D54B55D299FE9AAB0CA17BAFA93A024CE8DED7B6C0EAD70AA75367A96FABF457C49D7CBBE722ACA6EA0002D750058906D702C0E9BB97397C631E4BDE9858EC764281410A5C5CF120117F2B70981B552C8B947BE5987813FE2DE533B6B50CD5588F7129823B8B22B1FEE12D2550F865623FA6852FE2C4DBD4495156329B55AB4C1D4950E74B0B70F0DC6538BA9D650A54C7BED5595BF081FADE4A6CBB14350EF444A7F0049D3C3E7213633F6EAD53F411DD47DA36504799F484C555F120610D31EF75F6D38AE536FD261807AAEA86F35589F0444FD4CAF6452CCCCE77206A9DD702C3D6D2F6C1008AF51B722DFCD8FE761212B3405A935B83AE9E447EB2ABCCBC1618645CC7B152E84FD5A9BD49E5BEDE06613065255858A9B11DE24AB4A0CCAD7536604329E4C0DC11E044FA6FA1FD2018DC2D3AC2D9ADDB17BD9C5EE2FC378D794F9918F19D7BD86E3814AD46E01475A839947B5F5B8DC55AFE23C0C64B617B75AB1D7781E0BF6B5EFE1F0F1917B4F6475A4B23047E7BD5B5D030FD9EF333DE8DEA29CCCB61A819406BDBDEB824EE16B11BCF75BDC4E1DCAB0466536D0D909074B7BC2C77713F48F75B3B25F6E8C72B8DDC73ADA152A2585542B71704D8A91C32B0B86F2984AA0CEA38BC12D452AC032EEB6556B6A47D219777769ACD69FA3D84EBD90395D07615C5C1E235B9E5F198DE2BF0E9C7F913E5A9E0F02D5DC85D1575763B9579F79E438C92DB7B669E1A8E70084A632A2FD63BC7993BCE8649624051D5D14CB4AFAEA7336875208BB9D371EFF0009A674A30598D4AB53DCA48CD6BDF729D6C4E9EBC66BC7878B9F9B96E7E9C7AAB9662C77B12C7C49B99E20D44F0CB947893C07A91377332E8825AE0EBFA0171DF29C35D4E7B6E620F7DC6A3CC5E5CA0AC855B8839BC75F95F4F232E230CD5107BAC2EBF794664F4BAF9C2AB184420759BECC3E3607D45C4A9002E795EC0FEF98F5B460EA654A8A7732123EF21047A5E5CD9E0B5D78E5247881987CBE5029C3D639CB29B383704711C6FE5ACDA7A35D2DAF84AC5E93D85C16437CB6D2FA6E22F7DDA89AAE1352DDD761F84EBFEDB9F294E0EF7CC378BB0FC3A91F081F58F46B6F52C65115699D468EBC55AD7B1F983C8C969F3CFB3CE949C2626E4FF25C00E3ECF3FBCBF2267D0AAC08041B83A83DD33B34DF1CB71EC444859F3F749B699A98BAEE783BDAFCC1CA3C9547A4D5C93D586FA5D9AA39F65ACC06E2743692FB757357C60B8D0D51E04B15FD6475302A3686C0664E1F54B01AF3379A39AB1316B74C4051DA3954778A8F4C8F46B794C7C25126852A4379ACCA7C005B7ADE49ECDA886A2B13A7501EA03C0D2253E6BE9313636372B356B02A6A3041BBB6CBA6BBB5B5A053B6F162854AAABEEBA65039328CA0FC247E370E56B0A09EF1A6948FDE39598FC6F3CE9037F3D85C1C80163C2E6D7F56132366D7071DD73119735671AFD5463FA485A29A95569FF134D78AA534EFB3A83E8259A0997AEA037BF54BE62A2DFE73CD9A9DAA755AD95AAAAEFE66F3D4C465C53369615541F2A9FE3D20493D100E269DAE035877125003F0CDF0946330BD61C9A75F4EE0F0EB1071FBC38F8CA715891D6E285F7D4B120EEED651EA7D25FE92D756AD4D96DAD2EB490775D6F7BF97AC9574844336DF65FB5461F68D066364A84D06FF00F4D14F776F2791322F12A95880EC94EB5B3E7DC9550ADC11C9B98F1914D75DFD96E1E2091A1EE208F28274FACE95562CC085B285B59B3124DEF75B0CA030B0D75CA774B8ECAB6FB46C0589D6D7D6D7B68BBCE9307A35B4BF88C2D2AA77B2293DE4A837FF0033231F8F4A4B9883EF650177B313C05F99D7B94CCDD0C4E90ED314296FEDBDC20D092D6DF6E437EEF9CD630587A9A54372E0E6245BB4C41DFAE97DE7C666D1A352BD5351C0250DB283703769ADB5B6F3A49BC661CF567ABCA1EC6C58660371ED58824781BEE92212A95563988504AA824DAF9D95556F7D6EC72837DE78CD43DAA62168E0D96E3355229D86BA5F3377039472E3371DA3B44231627B34E9176624055B122EDA8D34B8DFEE9E3ACE2BED0F6E2E32A21A649442541E0CED94D941D741617B6BA498A65751A5AA127497D698242F0B8079924FE52E5042431B8016C185F5D4DB532E3D3B9555234A62A781CAAD2ECD99B3541714DB886A7E17B9BFFAAFF19822912CE3885CDE6A6CDFF23E532D2A86A955D0D8ADAA8EE39AEDF0CC4794B2D5C3547A8B6ECE5245FEB68C3E26DF8A10C7737A3F691EC7EEBA803D55BE3339CE55C3D55E20A9F15D0FA1918F50052410435C7C083FBF199AE845418727756D35E0F61FA484E95BE1B2D2CEA6E2F96FBB7A5FFF0061E729A54CAD35716FA63B8102C6FF0085AFE52E54AF952B5036BE60175DC7AC03F33285ECA9A771DBCA575FA4C2DA7886FF006C94142B85360743717F858CEFBEC7FA53FC4D0387A87F99440CB7DED4EF6F8A9B03E2B3E7EA083ACCBA1BAB69F6813F98226DFECCB6B0A1B4F0FA8B54609BF78A80AFF75BE122C4E3755F4AC444CDD0D4ABEFA9E27FBA5AE07C7F268892AA9A1B8FDD3F333C5F73F1088814D4DED3D4E1E062207BF44788941E3E3FAC440A9BE9F8FE73D6FF00888881E57DCBE12E56DC3C4FCCC440D8765FF493C2311FD45F2F918890B987DF57C7FE0B324EF1E07F288810DB43FA6FF87FB8C894FA3E3FA4F6222B45DCD3C5DFE53D8928297D2F09E53E3E1F98888141DD2EBFBFE622207957DE69E370F29EC407D2FDF332E60FDFA7E23E622206E51112167FFFD9),
	('msantos', 'cc399d73903f06ee694032ab0538f05634ff7e1ce5e8e50ac330a871484f34cf', 'Miguel', 'Santos', '0944446661', '0', NULL),
	('mtoscano', 'ad044d6e8fcbbf421d547160c32c43daf3a81cd19c519cdfb034d2c56ed13a5c', 'Marco Sergio', 'Toscano Lopez', '0994636661', 'Ciudad de Loja', NULL),
	('rjpalma', '92262c964e34a44c77fb40c4694f299890b6f91e8063c81e2ea2551e461b8e6f', 'Ruben', 'Palma', '0987632569', '0', NULL);
/*!40000 ALTER TABLE `users` ENABLE KEYS */;

-- Volcando estructura para tabla academic_system.users_roles
CREATE TABLE IF NOT EXISTS `users_roles` (
  `id_user_rol` int(11) NOT NULL AUTO_INCREMENT,
  `id_user` varchar(20) NOT NULL DEFAULT '0',
  `id_rol` int(11) NOT NULL DEFAULT '0',
  PRIMARY KEY (`id_user_rol`),
  KEY `fk_users_roles_id_user` (`id_user`),
  KEY `fk_users_roles_id_rol` (`id_rol`),
  CONSTRAINT `fk_users_roles_id_rol` FOREIGN KEY (`id_rol`) REFERENCES `roles` (`id_rol`),
  CONSTRAINT `fk_users_roles_id_user` FOREIGN KEY (`id_user`) REFERENCES `users` (`id_user`)
) ENGINE=InnoDB AUTO_INCREMENT=35 DEFAULT CHARSET=latin1;

-- Volcando datos para la tabla academic_system.users_roles: ~6 rows (aproximadamente)
/*!40000 ALTER TABLE `users_roles` DISABLE KEYS */;
INSERT INTO `users_roles` (`id_user_rol`, `id_user`, `id_rol`) VALUES
	(29, 'catufino', 1),
	(30, 'agperalt', 2),
	(31, 'agperalt', 4),
	(32, 'msantos', 4),
	(33, 'rjpalma', 3),
	(34, 'mtoscano', 28);
/*!40000 ALTER TABLE `users_roles` ENABLE KEYS */;

/*!40101 SET SQL_MODE=IFNULL(@OLD_SQL_MODE, '') */;
/*!40014 SET FOREIGN_KEY_CHECKS=IF(@OLD_FOREIGN_KEY_CHECKS IS NULL, 1, @OLD_FOREIGN_KEY_CHECKS) */;
/*!40101 SET CHARACTER_SET_CLIENT=@OLD_CHARACTER_SET_CLIENT */;
